image_name,ground_truth,predictions,true_positives,false_negatives,false_positives,small_false_negatives,heavy_occlusion_false_negatives,truncated_false_negatives,classification_confusions,total_errors
0000001_02999_d_0000005.jpg,26,12,8,18,4,10,2,1,3,22
0000001_05249_d_0000009.jpg,85,86,62,23,24,6,12,0,2,47
0000021_00000_d_0000001.jpg,9,6,4,5,2,5,0,0,0,7
0000022_00500_d_0000005.jpg,17,16,9,8,7,8,0,0,0,15
0000023_00300_d_0000009.jpg,14,16,6,8,10,8,3,0,0,18
0000024_01000_d_0000014.jpg,10,2,2,8,0,8,3,0,0,8
0000026_01000_d_0000026.jpg,21,22,21,0,1,0,0,0,0,1
0000026_03000_d_0000030.jpg,12,16,11,1,5,0,1,0,0,6
0000026_04978_d_0000034.jpg,31,29,22,9,7,3,3,2,1,16
0000069_00713_d_0000003.jpg,34,23,19,15,4,8,0,5,0,19
0000069_02480_d_0000007.jpg,58,27,20,38,7,19,17,0,0,45
0000086_00000_d_0000001.jpg,24,26,18,6,8,5,0,0,0,14
0000103_00180_d_0000026.jpg,1,0,0,1,0,0,0,0,0,1
0000103_02964_d_0000030.jpg,4,2,0,4,2,0,0,2,2,6
0000103_04513_d_0000034.jpg,2,2,1,1,1,0,0,0,0,2
0000116_00351_d_0000083.jpg,32,24,14,18,10,18,3,0,1,28
0000117_00112_d_0000087.jpg,110,55,40,70,15,68,1,0,1,85
0000117_03096_d_0000091.jpg,20,34,15,5,19,1,1,0,0,24
0000153_01201_d_0000001.jpg,14,2,2,12,0,12,0,0,0,12
0000154_00401_d_0000001.jpg,14,9,5,9,4,7,1,1,2,13
0000154_02001_d_0000001.jpg,23,24,12,11,12,11,4,0,1,23
0000155_01201_d_0000001.jpg,23,16,11,12,5,12,2,1,1,17
0000162_00801_d_0000001.jpg,18,14,8,10,6,9,1,0,2,16
0000165_04325_d_0000105.jpg,14,15,10,4,5,3,3,0,0,9
0000193_01705_d_0000112.jpg,24,16,12,12,4,11,1,0,0,16
0000193_02606_d_0000117.jpg,5,0,0,5,0,5,0,0,0,5
0000194_00399_d_0000121.jpg,33,30,8,25,22,23,1,0,7,47
0000194_01192_d_0000125.jpg,9,6,4,5,2,3,1,0,0,7
0000213_03478_d_0000242.jpg,77,60,41,36,19,27,1,0,4,55
0000213_05340_d_0000246.jpg,99,68,51,48,17,42,9,0,3,65
0000215_00909_d_0000258.jpg,59,64,43,16,21,9,0,5,3,37
0000215_02932_d_0000263.jpg,41,36,23,18,13,9,4,0,5,31
0000223_01802_d_0000005.jpg,53,32,22,31,10,20,5,0,5,41
0000242_00627_d_0000003.jpg,38,19,15,23,4,22,1,0,0,27
0000242_01475_d_0000007.jpg,53,48,33,20,15,17,1,0,3,35
0000242_03668_d_0000012.jpg,22,16,13,9,3,7,1,2,1,12
0000242_05570_d_0000016.jpg,19,16,11,8,5,8,0,0,0,13
0000244_00500_d_0000002.jpg,23,18,9,14,9,14,0,0,2,23
0000244_03000_d_0000007.jpg,31,22,19,12,3,12,0,0,1,15
0000244_04900_d_0000011.jpg,88,79,52,36,27,29,3,0,7,63
0000249_00001_d_0000001.jpg,74,40,30,44,10,43,4,0,3,54
0000249_01635_d_0000006.jpg,63,30,23,40,7,40,1,0,1,47
0000249_03400_d_0000010.jpg,71,52,41,30,11,29,5,0,1,41
0000256_02173_d_0000030.jpg,40,12,7,33,5,19,9,1,3,38
0000271_00001_d_0000374.jpg,27,16,12,15,4,11,1,0,3,19
0000271_00801_d_0000378.jpg,44,30,24,20,6,14,0,1,0,26
0000271_02401_d_0000385.jpg,49,30,20,29,10,16,7,1,5,39
0000271_04401_d_0000394.jpg,50,39,29,21,10,16,2,0,2,31
0000271_05601_d_0000400.jpg,67,56,41,26,15,25,3,0,0,41
0000271_06401_d_0000404.jpg,106,92,69,37,23,27,5,1,4,60
0000271_07201_d_0000408.jpg,13,5,4,9,1,9,0,0,0,10
0000276_00601_d_0000510.jpg,34,17,12,22,5,21,1,0,0,27
0000276_01801_d_0000516.jpg,21,7,5,16,2,16,0,0,2,18
0000276_02601_d_0000520.jpg,32,17,13,19,4,16,1,0,1,23
0000276_03601_d_0000525.jpg,44,25,16,28,9,26,3,1,2,37
0000276_04401_d_0000529.jpg,40,43,30,10,13,1,0,2,4,23
0000276_05201_d_0000533.jpg,6,5,5,1,0,1,0,0,0,1
0000277_00201_d_0000540.jpg,72,53,36,36,17,29,5,0,0,53
0000277_01801_d_0000548.jpg,83,44,24,59,20,39,7,0,9,79
0000277_02601_d_0000552.jpg,93,41,29,64,12,57,8,0,2,76
0000277_04001_d_0000558.jpg,69,54,35,34,19,28,1,0,2,53
0000280_00001_d_0000612.jpg,63,49,31,32,18,27,7,0,0,50
0000280_00801_d_0000616.jpg,45,33,24,21,9,18,6,0,1,30
0000280_01601_d_0000620.jpg,91,52,41,50,11,43,22,1,4,61
0000280_02601_d_0000625.jpg,52,36,30,22,6,19,1,0,0,28
0000280_03401_d_0000629.jpg,61,37,26,35,11,29,6,0,2,46
0000283_01001_d_0000679.jpg,4,4,4,0,0,0,0,0,0,0
0000287_00801_d_0000763.jpg,39,34,20,19,14,13,0,1,3,33
0000287_01601_d_0000767.jpg,52,31,22,30,9,27,3,0,3,39
0000287_02401_d_0000771.jpg,15,11,9,6,2,3,1,3,0,8
0000287_03401_d_0000776.jpg,44,43,35,9,8,0,0,0,2,17
0000289_00201_d_0000812.jpg,27,23,17,10,6,6,1,2,1,16
0000289_01001_d_0000816.jpg,23,18,12,11,6,5,0,3,1,17
0000289_02001_d_0000821.jpg,36,27,21,15,6,12,1,0,2,21
0000289_03201_d_0000827.jpg,33,27,18,15,9,8,3,3,3,24
0000289_04001_d_0000831.jpg,42,28,20,22,8,22,0,0,0,30
0000289_04801_d_0000835.jpg,41,31,27,14,4,9,1,3,0,18
0000289_05801_d_0000840.jpg,59,42,29,30,13,23,0,0,2,43
0000289_06601_d_0000844.jpg,49,46,33,16,13,8,4,1,2,29
0000290_04001_d_0000867.jpg,61,50,39,22,11,14,2,0,2,33
0000291_01001_d_0000873.jpg,84,43,28,56,15,47,9,4,6,71
0000291_01801_d_0000877.jpg,80,79,45,35,34,16,0,5,6,69
0000291_03201_d_0000884.jpg,174,90,54,120,36,102,7,2,9,156
0000291_04001_d_0000888.jpg,69,60,30,39,30,18,1,1,8,69
0000293_03601_d_0000940.jpg,66,57,38,28,19,27,2,0,0,47
0000295_00800_d_0000025.jpg,126,67,48,78,19,76,0,0,1,97
0000295_01600_d_0000029.jpg,115,103,66,49,37,45,0,1,2,86
0000295_02900_d_0000034.jpg,164,100,79,85,21,83,5,0,0,106
0000301_00001_d_0000156.jpg,50,26,16,34,10,24,8,7,2,44
0000303_03401_d_0000200.jpg,58,33,26,32,7,30,5,0,1,39
0000312_01001_d_0000419.jpg,50,40,38,12,2,11,2,0,0,14
0000312_04201_d_0000435.jpg,49,40,35,14,5,13,1,1,0,19
0000315_01601_d_0000509.jpg,73,46,30,43,16,41,10,1,2,59
0000316_00801_d_0000523.jpg,19,20,9,10,11,9,1,0,7,21
0000316_01601_d_0000527.jpg,24,18,13,11,5,8,1,2,1,16
0000323_02601_d_0000645.jpg,82,52,38,44,14,39,14,0,2,58
0000327_00601_d_0000714.jpg,58,41,32,26,9,20,7,0,2,35
0000327_01801_d_0000720.jpg,43,26,21,22,5,19,1,0,1,27
0000327_03201_d_0000727.jpg,84,20,9,75,11,59,20,0,7,86
0000327_04001_d_0000731.jpg,92,45,33,59,12,57,13,0,2,71
0000330_00601_d_0000803.jpg,83,42,30,53,12,48,16,0,1,65
0000330_01401_d_0000807.jpg,101,58,49,52,9,45,9,1,2,61
0000330_02201_d_0000811.jpg,31,25,16,15,9,12,0,3,4,24
0000330_04201_d_0000821.jpg,88,45,33,55,12,48,8,5,2,67
0000333_01765_d_0000010.jpg,75,48,41,34,7,31,3,0,1,41
0000333_02549_d_0000014.jpg,62,39,32,30,7,26,2,0,4,37
0000333_03529_d_0000019.jpg,56,53,40,16,13,12,1,3,4,29
0000335_00393_d_0000045.jpg,22,13,11,11,2,6,0,0,1,13
0000335_01765_d_0000052.jpg,43,35,27,16,8,14,1,1,2,24
0000335_02745_d_0000057.jpg,51,37,28,23,9,20,2,0,2,32
0000335_04117_d_0000064.jpg,24,23,21,3,2,0,1,1,1,5
0000335_06469_d_0000076.jpg,7,5,4,3,1,2,1,0,1,4
0000345_07057_d_0000345.jpg,60,36,27,33,9,32,3,1,0,42
0000346_07057_d_0000382.jpg,62,35,29,33,6,23,8,1,1,39
0000356_01177_d_0000635.jpg,60,38,27,33,11,25,2,2,3,44
0000356_02157_d_0000640.jpg,38,31,23,15,8,10,0,2,0,23
0000356_03529_d_0000647.jpg,49,32,24,25,8,19,0,2,1,33
0000356_04313_d_0000651.jpg,66,34,22,44,12,35,1,2,2,56
0000358_03333_d_0000697.jpg,65,44,32,33,12,27,2,0,3,45
0000359_01177_d_0000705.jpg,55,54,34,21,20,12,2,0,0,41
0000359_02549_d_0000709.jpg,17,15,14,3,1,3,1,0,0,4
0000360_00197_d_0000714.jpg,33,31,24,9,7,4,3,0,0,16
0000360_00981_d_0000718.jpg,31,22,14,17,8,6,10,1,2,25
0000360_03333_d_0000730.jpg,35,33,19,16,14,6,1,2,8,30
0000360_04705_d_0000737.jpg,2,3,2,0,1,0,0,0,0,1
0000360_06665_d_0000747.jpg,32,26,17,15,9,4,4,1,4,24
0000364_00589_d_0000798.jpg,18,6,3,15,3,13,0,0,0,18
0000364_01765_d_0000782.jpg,39,11,5,34,6,27,0,4,0,40
